name,level,loghi_lb,loghi_med,loghi_ub,hi_lb,hi_med,hi_ub
hanam-hi-exp-h1pdm,0.5,0.7086195051670074,2.9769400134682655,3.682321636006236,2.031185281487949,19.62766427065396,39.7385454982115
hanam-hi-exp-h3,0.5,3.036276903003454,3.620299184694886,4.04492411762476,20.827555695652983,37.34874032212746,57.106852466118646
hanam-hi-gen-h1pdm,0.5,-1.321093738079071,2.3601628839969635,3.0728750862181187,0.2668432856376258,10.592676689440935,21.603926621868002
hanam-hi-gen-h3,0.5,0.2815874293446541,2.8748336248099804,3.466896712779999,1.325231855409339,17.722475295967758,32.03716748739033
kiddyvaxmain-bvic,0.5,-3.8779940456151962,3.730025002732873,5.25008593685925,0.020692291370773032,41.68015026866478,190.58264582892014
kiddyvaxmain-h1pdm,0.5,-4.843749478459358,4.083053488284349,6.880943104624748,0.007877462234358914,59.326345859992635,973.5440808954426
